-- phpMyAdmin SQL Dump
-- version 5.2.1
-- https://www.phpmyadmin.net/
--
-- Host: 127.0.0.1
-- Generation Time: Mar 24, 2024 at 01:39 PM
-- Server version: 10.4.32-MariaDB
-- PHP Version: 8.1.25

SET SQL_MODE = "NO_AUTO_VALUE_ON_ZERO";
START TRANSACTION;
SET time_zone = "+00:00";


/*!40101 SET @OLD_CHARACTER_SET_CLIENT=@@CHARACTER_SET_CLIENT */;
/*!40101 SET @OLD_CHARACTER_SET_RESULTS=@@CHARACTER_SET_RESULTS */;
/*!40101 SET @OLD_COLLATION_CONNECTION=@@COLLATION_CONNECTION */;
/*!40101 SET NAMES utf8mb4 */;

--
-- Database: `surat`
--

-- --------------------------------------------------------

--
-- Table structure for table `biodata`
--

CREATE TABLE `biodata` (
  `id` bigint(20) UNSIGNED NOT NULL,
  `nik` varchar(255) NOT NULL,
  `nama` varchar(255) NOT NULL,
  `jekel` enum('Laki-Laki','Perempuan') NOT NULL,
  `kecamatan` varchar(255) NOT NULL,
  `desa` varchar(255) NOT NULL,
  `kota` varchar(255) NOT NULL,
  `tgl_lahir` date NOT NULL,
  `password` varchar(255) NOT NULL,
  `role` enum('Pemohon','Admin Master','Admin Desa') NOT NULL DEFAULT 'Pemohon',
  `created_at` timestamp NULL DEFAULT NULL,
  `updated_at` timestamp NULL DEFAULT NULL
) ENGINE=InnoDB DEFAULT CHARSET=utf8mb4 COLLATE=utf8mb4_unicode_ci;

-- --------------------------------------------------------

--
-- Table structure for table `desas`
--

CREATE TABLE `desas` (
  `id` bigint(20) UNSIGNED NOT NULL,
  `kecamatan_id` bigint(20) UNSIGNED NOT NULL,
  `nama` varchar(255) NOT NULL,
  `created_at` timestamp NULL DEFAULT NULL,
  `updated_at` timestamp NULL DEFAULT NULL
) ENGINE=InnoDB DEFAULT CHARSET=utf8mb4 COLLATE=utf8mb4_unicode_ci;

--
-- Dumping data for table `desas`
--

INSERT INTO `desas` (`id`, `kecamatan_id`, `nama`, `created_at`, `updated_at`) VALUES
(2, 10, 'PASEBAN', '2024-03-24 05:39:17', '2024-03-24 05:39:17'),
(3, 10, 'CAKRU', '2024-03-24 05:39:17', '2024-03-24 05:39:17'),
(4, 10, 'KRATON', '2024-03-24 05:39:17', '2024-03-24 05:39:17'),
(5, 10, 'WONOREJO', '2024-03-24 05:39:17', '2024-03-24 05:39:17'),
(6, 10, 'KENCONG', '2024-03-24 05:39:17', '2024-03-24 05:39:17'),
(7, 20, 'KEPANJEN', '2024-03-24 05:39:17', '2024-03-24 05:39:17'),
(8, 20, 'MAYANGAN', '2024-03-24 05:39:17', '2024-03-24 05:39:17'),
(9, 20, 'MENAMPU', '2024-03-24 05:39:17', '2024-03-24 05:39:17'),
(10, 20, 'BAGOREJO', '2024-03-24 05:39:17', '2024-03-24 05:39:17'),
(11, 20, 'GUMUKMAS', '2024-03-24 05:39:17', '2024-03-24 05:39:17'),
(12, 20, 'PURWOSARI', '2024-03-24 05:39:17', '2024-03-24 05:39:17'),
(13, 20, 'TEMBOKREJO', '2024-03-24 05:39:17', '2024-03-24 05:39:17'),
(14, 20, 'KARANG REJO', '2024-03-24 05:39:17', '2024-03-24 05:39:17'),
(15, 30, 'MOJOMULYO', '2024-03-24 05:39:17', '2024-03-24 05:39:17'),
(16, 30, 'MOJOSARI', '2024-03-24 05:39:17', '2024-03-24 05:39:17'),
(17, 30, 'PUGER KULON', '2024-03-24 05:39:17', '2024-03-24 05:39:17'),
(18, 30, 'PUGER WETAN', '2024-03-24 05:39:17', '2024-03-24 05:39:17'),
(19, 30, 'GRENDEN', '2024-03-24 05:39:17', '2024-03-24 05:39:17'),
(20, 30, 'MLOKOREJO', '2024-03-24 05:39:17', '2024-03-24 05:39:17'),
(21, 30, 'KASIYAN', '2024-03-24 05:39:17', '2024-03-24 05:39:17'),
(22, 30, 'KASIYAN TIMUR', '2024-03-24 05:39:17', '2024-03-24 05:39:17'),
(23, 30, 'WONOSARI', '2024-03-24 05:39:17', '2024-03-24 05:39:17'),
(24, 30, 'JAMBEARUM', '2024-03-24 05:39:17', '2024-03-24 05:39:17'),
(25, 30, 'BAGON', '2024-03-24 05:39:17', '2024-03-24 05:39:17'),
(26, 30, 'WRINGIN TELU', '2024-03-24 05:39:17', '2024-03-24 05:39:17'),
(27, 40, 'LOJEJER', '2024-03-24 05:39:17', '2024-03-24 05:39:17'),
(28, 40, 'AMPEL', '2024-03-24 05:39:17', '2024-03-24 05:39:17'),
(29, 40, 'TANJUNG REJO', '2024-03-24 05:39:17', '2024-03-24 05:39:17'),
(30, 40, 'KESILIR', '2024-03-24 05:39:17', '2024-03-24 05:39:17'),
(31, 40, 'DUKUH DEMPOK', '2024-03-24 05:39:17', '2024-03-24 05:39:17'),
(32, 40, 'TAMANSARI', '2024-03-24 05:39:17', '2024-03-24 05:39:17'),
(33, 40, 'GLUNDENGAN', '2024-03-24 05:39:17', '2024-03-24 05:39:17'),
(34, 50, 'SUMBERREJO', '2024-03-24 05:39:17', '2024-03-24 05:39:17'),
(35, 50, 'ANDONGSARI', '2024-03-24 05:39:17', '2024-03-24 05:39:17'),
(36, 50, 'SABRANG', '2024-03-24 05:39:17', '2024-03-24 05:39:17'),
(37, 50, 'AMBULU', '2024-03-24 05:39:17', '2024-03-24 05:39:17'),
(38, 50, 'PONTANG', '2024-03-24 05:39:17', '2024-03-24 05:39:17'),
(39, 50, 'KARANGANYAR', '2024-03-24 05:39:17', '2024-03-24 05:39:17'),
(40, 50, 'TEGALSARI', '2024-03-24 05:39:17', '2024-03-24 05:39:17'),
(41, 60, 'ANDONGREJO', '2024-03-24 05:39:17', '2024-03-24 05:39:17'),
(42, 60, 'CURAHNONGKO', '2024-03-24 05:39:17', '2024-03-24 05:39:17'),
(43, 60, 'SANENREJO', '2024-03-24 05:39:17', '2024-03-24 05:39:17'),
(44, 60, 'WONOASRI', '2024-03-24 05:39:17', '2024-03-24 05:39:17'),
(45, 60, 'SIDODADI', '2024-03-24 05:39:17', '2024-03-24 05:39:17'),
(46, 60, 'PONDOKREJO', '2024-03-24 05:39:17', '2024-03-24 05:39:17'),
(47, 60, 'CURAHTAKIR', '2024-03-24 05:39:17', '2024-03-24 05:39:17'),
(48, 60, 'TEMPUREJO', '2024-03-24 05:39:17', '2024-03-24 05:39:17'),
(49, 70, 'MULYOREJO', '2024-03-24 05:39:17', '2024-03-24 05:39:17'),
(50, 70, 'PACE', '2024-03-24 05:39:17', '2024-03-24 05:39:17'),
(51, 70, 'HARJOMULYO', '2024-03-24 05:39:17', '2024-03-24 05:39:17'),
(52, 70, 'KARANGHARJO', '2024-03-24 05:39:17', '2024-03-24 05:39:17'),
(53, 70, 'SILO', '2024-03-24 05:39:17', '2024-03-24 05:39:17'),
(54, 70, 'SEMPOLAN', '2024-03-24 05:39:17', '2024-03-24 05:39:17'),
(55, 70, 'SUMBERJATI', '2024-03-24 05:39:17', '2024-03-24 05:39:17'),
(56, 70, 'GARAHAN', '2024-03-24 05:39:17', '2024-03-24 05:39:17'),
(57, 70, 'SIDOMULYO', '2024-03-24 05:39:17', '2024-03-24 05:39:17'),
(58, 80, 'SEPUTIH', '2024-03-24 05:39:17', '2024-03-24 05:39:17'),
(59, 80, 'SIDOMUKTI', '2024-03-24 05:39:17', '2024-03-24 05:39:17'),
(60, 80, 'SUMBER KEJAYAN', '2024-03-24 05:39:17', '2024-03-24 05:39:17'),
(61, 80, 'TEGALREJO', '2024-03-24 05:39:17', '2024-03-24 05:39:17'),
(62, 80, 'TEGALWARU', '2024-03-24 05:39:17', '2024-03-24 05:39:17'),
(63, 80, 'MAYANG', '2024-03-24 05:39:17', '2024-03-24 05:39:17'),
(64, 80, 'MRAWAN', '2024-03-24 05:39:17', '2024-03-24 05:39:17'),
(65, 90, 'KAWANGREJO', '2024-03-24 05:39:17', '2024-03-24 05:39:17'),
(66, 90, 'TAMANSARI', '2024-03-24 05:39:17', '2024-03-24 05:39:17'),
(67, 90, 'SUCO', '2024-03-24 05:39:17', '2024-03-24 05:39:17'),
(68, 90, 'LAMPEJI', '2024-03-24 05:39:17', '2024-03-24 05:39:17'),
(69, 90, 'MUMBULSARI', '2024-03-24 05:39:17', '2024-03-24 05:39:17'),
(70, 90, 'LENGKONG', '2024-03-24 05:39:17', '2024-03-24 05:39:17'),
(71, 90, 'KARANGKEDAWUNG', '2024-03-24 05:39:17', '2024-03-24 05:39:17'),
(72, 100, 'KEMUNINGSARI KIDUL', '2024-03-24 05:39:17', '2024-03-24 05:39:17'),
(73, 100, 'KERTONEGORO', '2024-03-24 05:39:17', '2024-03-24 05:39:17'),
(74, 100, 'JATISARI', '2024-03-24 05:39:17', '2024-03-24 05:39:17'),
(75, 100, 'SRUNI', '2024-03-24 05:39:17', '2024-03-24 05:39:17'),
(76, 100, 'CANGKRING', '2024-03-24 05:39:17', '2024-03-24 05:39:17'),
(77, 100, 'WONOJATI', '2024-03-24 05:39:17', '2024-03-24 05:39:17'),
(78, 100, 'JENGGAWAH', '2024-03-24 05:39:17', '2024-03-24 05:39:17'),
(79, 100, 'JATIMULYO', '2024-03-24 05:39:17', '2024-03-24 05:39:17'),
(80, 110, 'MANGARAN', '2024-03-24 05:39:17', '2024-03-24 05:39:17'),
(81, 110, 'SUKAMAKMUR', '2024-03-24 05:39:17', '2024-03-24 05:39:17'),
(82, 110, 'KLOMPANGAN', '2024-03-24 05:39:17', '2024-03-24 05:39:17'),
(83, 110, 'PANCAKARYA', '2024-03-24 05:39:17', '2024-03-24 05:39:17'),
(84, 110, 'AJUNG', '2024-03-24 05:39:17', '2024-03-24 05:39:17'),
(85, 110, 'WIROWONGSO', '2024-03-24 05:39:17', '2024-03-24 05:39:17'),
(86, 110, 'ROWO INDAH', '2024-03-24 05:39:17', '2024-03-24 05:39:17'),
(87, 120, 'CURAHMALANG', '2024-03-24 05:39:17', '2024-03-24 05:39:17'),
(88, 120, 'NOGOSARI', '2024-03-24 05:39:17', '2024-03-24 05:39:17'),
(89, 120, 'ROWOTAMTU', '2024-03-24 05:39:17', '2024-03-24 05:39:17'),
(90, 120, 'PECORO', '2024-03-24 05:39:17', '2024-03-24 05:39:17'),
(91, 120, 'RAMBIPUJI', '2024-03-24 05:39:17', '2024-03-24 05:39:17'),
(92, 120, 'KALIWINING', '2024-03-24 05:39:17', '2024-03-24 05:39:17'),
(93, 120, 'RAMBIGUNDAM', '2024-03-24 05:39:17', '2024-03-24 05:39:17'),
(94, 120, 'GUGUT', '2024-03-24 05:39:17', '2024-03-24 05:39:17'),
(95, 130, 'KARANG DUREN', '2024-03-24 05:39:17', '2024-03-24 05:39:17'),
(96, 130, 'KARANG SEMANDING', '2024-03-24 05:39:17', '2024-03-24 05:39:17'),
(97, 130, 'TUTUL', '2024-03-24 05:39:17', '2024-03-24 05:39:17'),
(98, 130, 'BALUNG KULON', '2024-03-24 05:39:17', '2024-03-24 05:39:17'),
(99, 130, 'BALUNG KIDUL', '2024-03-24 05:39:17', '2024-03-24 05:39:17'),
(100, 130, 'BALUNG LOR', '2024-03-24 05:39:17', '2024-03-24 05:39:17'),
(101, 130, 'GUMELAR', '2024-03-24 05:39:17', '2024-03-24 05:39:17'),
(102, 130, 'CURAH LELE', '2024-03-24 05:39:17', '2024-03-24 05:39:17'),
(103, 140, 'SUKORENO', '2024-03-24 05:39:17', '2024-03-24 05:39:17'),
(104, 140, 'GUNUNGSARI', '2024-03-24 05:39:17', '2024-03-24 05:39:17'),
(105, 140, 'UMBULSARI', '2024-03-24 05:39:17', '2024-03-24 05:39:17'),
(106, 140, 'TANJUNGSARI', '2024-03-24 05:39:17', '2024-03-24 05:39:17'),
(107, 140, 'PALERAN', '2024-03-24 05:39:17', '2024-03-24 05:39:17'),
(108, 140, 'UMBULREJO', '2024-03-24 05:39:17', '2024-03-24 05:39:17'),
(109, 140, 'GADINGREJO', '2024-03-24 05:39:17', '2024-03-24 05:39:17'),
(110, 140, 'SIDOREJO', '2024-03-24 05:39:17', '2024-03-24 05:39:17'),
(111, 140, 'TEGALWANGI', '2024-03-24 05:39:17', '2024-03-24 05:39:17'),
(112, 140, 'MUNDUREJO', '2024-03-24 05:39:17', '2024-03-24 05:39:17'),
(113, 150, 'REJO AGUNG', '2024-03-24 05:39:17', '2024-03-24 05:39:17'),
(114, 150, 'SEMBORO', '2024-03-24 05:39:17', '2024-03-24 05:39:17'),
(115, 150, 'SIDOMEKAR', '2024-03-24 05:39:17', '2024-03-24 05:39:17'),
(116, 150, 'SIDOMULYO', '2024-03-24 05:39:17', '2024-03-24 05:39:17'),
(117, 150, 'PONDOK JOYO', '2024-03-24 05:39:17', '2024-03-24 05:39:17'),
(118, 150, 'PODOK DALEM', '2024-03-24 05:39:17', '2024-03-24 05:39:17'),
(119, 160, 'KETING', '2024-03-24 05:39:17', '2024-03-24 05:39:17'),
(120, 160, 'JOMBANG', '2024-03-24 05:39:17', '2024-03-24 05:39:17'),
(121, 160, 'PADOMASAN', '2024-03-24 05:39:17', '2024-03-24 05:39:17'),
(122, 160, 'NGAMPELREJO', '2024-03-24 05:39:17', '2024-03-24 05:39:17'),
(123, 160, 'WRINGIN AGUNG', '2024-03-24 05:39:17', '2024-03-24 05:39:17'),
(124, 160, 'SARI MULYO', '2024-03-24 05:39:17', '2024-03-24 05:39:17'),
(125, 170, 'SUMBER AGUNG', '2024-03-24 05:39:17', '2024-03-24 05:39:17'),
(126, 170, 'ROWO TENGAH', '2024-03-24 05:39:17', '2024-03-24 05:39:17'),
(127, 170, 'YOSORATI', '2024-03-24 05:39:17', '2024-03-24 05:39:17'),
(128, 170, 'PRINGGOWIRAWAN', '2024-03-24 05:39:17', '2024-03-24 05:39:17'),
(129, 170, 'KARANG BAYAT', '2024-03-24 05:39:17', '2024-03-24 05:39:17'),
(130, 170, 'GELANG', '2024-03-24 05:39:17', '2024-03-24 05:39:17'),
(131, 170, 'JATIROTO', '2024-03-24 05:39:17', '2024-03-24 05:39:17'),
(132, 170, 'JAMINTORO', '2024-03-24 05:39:17', '2024-03-24 05:39:17'),
(133, 170, 'KALIGLAGAH', '2024-03-24 05:39:17', '2024-03-24 05:39:17'),
(134, 170, 'JAMBESARI', '2024-03-24 05:39:17', '2024-03-24 05:39:17'),
(135, 180, 'TANGGUL KULON', '2024-03-24 05:39:17', '2024-03-24 05:39:17'),
(136, 180, 'TANGGUL WETAN', '2024-03-24 05:39:17', '2024-03-24 05:39:17'),
(137, 180, 'KLATAKAN', '2024-03-24 05:39:17', '2024-03-24 05:39:17'),
(138, 180, 'SELODAKON', '2024-03-24 05:39:17', '2024-03-24 05:39:17'),
(139, 180, 'DARUNGAN', '2024-03-24 05:39:17', '2024-03-24 05:39:17'),
(140, 180, 'MANGGISAN', '2024-03-24 05:39:17', '2024-03-24 05:39:17'),
(141, 180, 'PATEMON', '2024-03-24 05:39:17', '2024-03-24 05:39:17'),
(142, 180, 'KRAMAT SUKOHARJO', '2024-03-24 05:39:17', '2024-03-24 05:39:17'),
(143, 190, 'KARANGSONO', '2024-03-24 05:39:17', '2024-03-24 05:39:17'),
(144, 190, 'SUKOREJO', '2024-03-24 05:39:17', '2024-03-24 05:39:17'),
(145, 190, 'PETUNG', '2024-03-24 05:39:17', '2024-03-24 05:39:17'),
(146, 190, 'TISNOGAMBAR', '2024-03-24 05:39:17', '2024-03-24 05:39:17'),
(147, 190, 'LANGKAP', '2024-03-24 05:39:17', '2024-03-24 05:39:17'),
(148, 190, 'BANGALSARI', '2024-03-24 05:39:17', '2024-03-24 05:39:17'),
(149, 190, 'GAMBIRONO', '2024-03-24 05:39:17', '2024-03-24 05:39:17'),
(150, 190, 'CURAH KALONG', '2024-03-24 05:39:17', '2024-03-24 05:39:17'),
(151, 190, 'TUGUSARI', '2024-03-24 05:39:17', '2024-03-24 05:39:17'),
(152, 190, 'BANJARSARI', '2024-03-24 05:39:17', '2024-03-24 05:39:17'),
(153, 190, 'BADEAN', '2024-03-24 05:39:17', '2024-03-24 05:39:17'),
(154, 200, 'KEMUNINGSARI LOR', '2024-03-24 05:39:17', '2024-03-24 05:39:17'),
(155, 200, 'GLAGAHWERO', '2024-03-24 05:39:17', '2024-03-24 05:39:17'),
(156, 200, 'SERUT', '2024-03-24 05:39:17', '2024-03-24 05:39:17'),
(157, 200, 'PANTI', '2024-03-24 05:39:17', '2024-03-24 05:39:17'),
(158, 200, 'PAKIS', '2024-03-24 05:39:17', '2024-03-24 05:39:17'),
(159, 200, 'SUCI', '2024-03-24 05:39:17', '2024-03-24 05:39:17'),
(160, 200, 'KEMIRI', '2024-03-24 05:39:17', '2024-03-24 05:39:17'),
(161, 210, 'JUBUNG', '2024-03-24 05:39:17', '2024-03-24 05:39:17'),
(162, 210, 'DUKUH MENCEK', '2024-03-24 05:39:17', '2024-03-24 05:39:17'),
(163, 210, 'SUKORAMBI', '2024-03-24 05:39:17', '2024-03-24 05:39:17'),
(164, 210, 'KARANGPRING', '2024-03-24 05:39:17', '2024-03-24 05:39:17'),
(165, 210, 'KELUNGKUNG', '2024-03-24 05:39:17', '2024-03-24 05:39:17'),
(166, 220, 'KEMUNING LOR', '2024-03-24 05:39:17', '2024-03-24 05:39:17'),
(167, 220, 'DARSONO', '2024-03-24 05:39:17', '2024-03-24 05:39:17'),
(168, 220, 'ARJASA', '2024-03-24 05:39:17', '2024-03-24 05:39:17'),
(169, 220, 'BITING', '2024-03-24 05:39:17', '2024-03-24 05:39:17'),
(170, 220, 'CANDIJATI', '2024-03-24 05:39:17', '2024-03-24 05:39:17'),
(171, 220, 'KAMAL', '2024-03-24 05:39:17', '2024-03-24 05:39:17'),
(172, 230, 'KERTOSARI', '2024-03-24 05:39:17', '2024-03-24 05:39:17'),
(173, 230, 'PAKUSARI', '2024-03-24 05:39:17', '2024-03-24 05:39:17'),
(174, 230, 'JATIAN', '2024-03-24 05:39:17', '2024-03-24 05:39:17'),
(175, 230, 'SUBO', '2024-03-24 05:39:17', '2024-03-24 05:39:17'),
(176, 230, 'SUMBERPINANG', '2024-03-24 05:39:17', '2024-03-24 05:39:17'),
(177, 230, 'BEDADUNG', '2024-03-24 05:39:17', '2024-03-24 05:39:17'),
(178, 230, 'PATEMON', '2024-03-24 05:39:17', '2024-03-24 05:39:17'),
(179, 240, 'GAMBIRAN', '2024-03-24 05:39:17', '2024-03-24 05:39:17'),
(180, 240, 'PLALANGAN', '2024-03-24 05:39:17', '2024-03-24 05:39:17'),
(181, 240, 'AJUNG', '2024-03-24 05:39:17', '2024-03-24 05:39:17'),
(182, 240, 'GLAGAHWERO', '2024-03-24 05:39:17', '2024-03-24 05:39:17'),
(183, 240, 'SUMBER JERUK', '2024-03-24 05:39:17', '2024-03-24 05:39:17'),
(184, 240, 'GUMUKSARI', '2024-03-24 05:39:17', '2024-03-24 05:39:17'),
(185, 240, 'PATEMPURAN', '2024-03-24 05:39:17', '2024-03-24 05:39:17'),
(186, 240, 'KALISAT', '2024-03-24 05:39:17', '2024-03-24 05:39:17'),
(187, 240, 'SUMBER KETEMPAH', '2024-03-24 05:39:17', '2024-03-24 05:39:17'),
(188, 240, 'SUKORENO', '2024-03-24 05:39:17', '2024-03-24 05:39:17'),
(189, 240, 'SUMBER KALONG', '2024-03-24 05:39:17', '2024-03-24 05:39:17'),
(190, 240, 'SEBANEN', '2024-03-24 05:39:17', '2024-03-24 05:39:17'),
(191, 250, 'SUREN', '2024-03-24 05:39:17', '2024-03-24 05:39:17'),
(192, 250, 'SUMBER SALAK', '2024-03-24 05:39:17', '2024-03-24 05:39:17'),
(193, 250, 'SUMBER BULUS', '2024-03-24 05:39:17', '2024-03-24 05:39:17'),
(194, 250, 'SUMBER LESUNG', '2024-03-24 05:39:17', '2024-03-24 05:39:17'),
(195, 250, 'LEMBENGAN', '2024-03-24 05:39:17', '2024-03-24 05:39:17'),
(196, 250, 'SUMBER ANGET', '2024-03-24 05:39:17', '2024-03-24 05:39:17'),
(197, 250, 'LEDOKOMBO', '2024-03-24 05:39:17', '2024-03-24 05:39:17'),
(198, 250, 'SLATENG', '2024-03-24 05:39:17', '2024-03-24 05:39:17'),
(199, 250, 'SUKOGIDRI', '2024-03-24 05:39:17', '2024-03-24 05:39:17'),
(200, 250, 'KARANG PAITON', '2024-03-24 05:39:17', '2024-03-24 05:39:17'),
(201, 260, 'RANDU AGUNG', '2024-03-24 05:39:17', '2024-03-24 05:39:17'),
(202, 260, 'CUMEDAK', '2024-03-24 05:39:17', '2024-03-24 05:39:17'),
(203, 260, 'GUNUNG MALANG', '2024-03-24 05:39:17', '2024-03-24 05:39:17'),
(204, 260, 'ROWOSARI', '2024-03-24 05:39:17', '2024-03-24 05:39:17'),
(205, 260, 'SUMBER JAMBE', '2024-03-24 05:39:17', '2024-03-24 05:39:17'),
(206, 260, 'SUMBER PAKEM', '2024-03-24 05:39:17', '2024-03-24 05:39:17'),
(207, 260, 'PLEREYAN', '2024-03-24 05:39:17', '2024-03-24 05:39:17'),
(208, 260, 'PRINGGONDANI', '2024-03-24 05:39:17', '2024-03-24 05:39:17'),
(209, 260, 'JAMBE ARUM', '2024-03-24 05:39:17', '2024-03-24 05:39:17'),
(210, 270, 'SUMBERWARU', '2024-03-24 05:39:17', '2024-03-24 05:39:17'),
(211, 270, 'SUKOREJO', '2024-03-24 05:39:17', '2024-03-24 05:39:17'),
(212, 270, 'SUKOSARI', '2024-03-24 05:39:17', '2024-03-24 05:39:17'),
(213, 270, 'BALET BARU', '2024-03-24 05:39:17', '2024-03-24 05:39:17'),
(214, 270, 'SUMBER WRINGIN', '2024-03-24 05:39:17', '2024-03-24 05:39:17'),
(215, 270, 'MOJOGENI', '2024-03-24 05:39:17', '2024-03-24 05:39:17'),
(216, 270, 'SUKOKERTO', '2024-03-24 05:39:17', '2024-03-24 05:39:17'),
(217, 270, 'SUKOWONO', '2024-03-24 05:39:17', '2024-03-24 05:39:17'),
(218, 270, 'DAWUHAN MANGLI', '2024-03-24 05:39:17', '2024-03-24 05:39:17'),
(219, 270, 'ARJASA', '2024-03-24 05:39:17', '2024-03-24 05:39:17'),
(220, 270, 'SUMBERDANTI', '2024-03-24 05:39:17', '2024-03-24 05:39:17'),
(221, 270, 'POCANGAN', '2024-03-24 05:39:17', '2024-03-24 05:39:17'),
(222, 280, 'PANDUMAN', '2024-03-24 05:39:17', '2024-03-24 05:39:17'),
(223, 280, 'JELBUK', '2024-03-24 05:39:17', '2024-03-24 05:39:17'),
(224, 280, 'SUKOWIRYO', '2024-03-24 05:39:17', '2024-03-24 05:39:17'),
(225, 280, 'SUGER KIDUL', '2024-03-24 05:39:17', '2024-03-24 05:39:17'),
(226, 280, 'SUKO JEMBER', '2024-03-24 05:39:17', '2024-03-24 05:39:17'),
(227, 280, 'SUCO PENGEPOK', '2024-03-24 05:39:17', '2024-03-24 05:39:17'),
(228, 710, 'MANGLI', '2024-03-24 05:39:17', '2024-03-24 05:39:17'),
(229, 710, 'SEMPUSARI', '2024-03-24 05:39:17', '2024-03-24 05:39:17'),
(230, 710, 'KALIWATES', '2024-03-24 05:39:17', '2024-03-24 05:39:17'),
(231, 710, 'TEGAL BESAR', '2024-03-24 05:39:17', '2024-03-24 05:39:17'),
(232, 710, 'JEMBER KIDUL', '2024-03-24 05:39:17', '2024-03-24 05:39:17'),
(233, 710, 'KEPATIHAN', '2024-03-24 05:39:17', '2024-03-24 05:39:17'),
(234, 710, 'KEBON AGUNG', '2024-03-24 05:39:17', '2024-03-24 05:39:17'),
(235, 720, 'KERANJINGAN', '2024-03-24 05:39:17', '2024-03-24 05:39:17'),
(236, 720, 'WIROLEGI', '2024-03-24 05:39:17', '2024-03-24 05:39:17'),
(237, 720, 'KARANGREJO', '2024-03-24 05:39:17', '2024-03-24 05:39:17'),
(238, 720, 'KEBONSARI', '2024-03-24 05:39:17', '2024-03-24 05:39:17'),
(239, 720, 'SUMBERSARI', '2024-03-24 05:39:17', '2024-03-24 05:39:17'),
(240, 720, 'TEGAL GEDE', '2024-03-24 05:39:17', '2024-03-24 05:39:17'),
(241, 720, 'ANTIROGO', '2024-03-24 05:39:17', '2024-03-24 05:39:17'),
(242, 730, 'GEBANG', '2024-03-24 05:39:17', '2024-03-24 05:39:17'),
(243, 730, 'JEMBER LOR', '2024-03-24 05:39:17', '2024-03-24 05:39:17'),
(244, 730, 'PATRANG', '2024-03-24 05:39:17', '2024-03-24 05:39:17'),
(245, 730, 'BARATAN', '2024-03-24 05:39:17', '2024-03-24 05:39:17'),
(246, 730, 'BINTORO', '2024-03-24 05:39:17', '2024-03-24 05:39:17'),
(247, 730, 'SLAWU', '2024-03-24 05:39:17', '2024-03-24 05:39:17'),
(248, 730, 'JUMERTO', '2024-03-24 05:39:17', '2024-03-24 05:39:17'),
(249, 730, 'BANJARSENGON', '2024-03-24 05:39:17', '2024-03-24 05:39:17');

-- --------------------------------------------------------

--
-- Table structure for table `failed_jobs`
--

CREATE TABLE `failed_jobs` (
  `id` bigint(20) UNSIGNED NOT NULL,
  `uuid` varchar(255) NOT NULL,
  `connection` text NOT NULL,
  `queue` text NOT NULL,
  `payload` longtext NOT NULL,
  `exception` longtext NOT NULL,
  `failed_at` timestamp NOT NULL DEFAULT current_timestamp()
) ENGINE=InnoDB DEFAULT CHARSET=utf8mb4 COLLATE=utf8mb4_unicode_ci;

-- --------------------------------------------------------

--
-- Table structure for table `kecamatans`
--

CREATE TABLE `kecamatans` (
  `id` bigint(20) UNSIGNED NOT NULL,
  `nama` varchar(255) NOT NULL,
  `created_at` timestamp NULL DEFAULT NULL,
  `updated_at` timestamp NULL DEFAULT NULL
) ENGINE=InnoDB DEFAULT CHARSET=utf8mb4 COLLATE=utf8mb4_unicode_ci;

--
-- Dumping data for table `kecamatans`
--

INSERT INTO `kecamatans` (`id`, `nama`, `created_at`, `updated_at`) VALUES
(10, 'KENCONG', '2024-03-24 05:39:04', '2024-03-24 05:39:04'),
(20, 'GUMUKMAS', '2024-03-24 05:39:04', '2024-03-24 05:39:04'),
(30, 'PUGER', '2024-03-24 05:39:04', '2024-03-24 05:39:04'),
(40, 'WULUHAN', '2024-03-24 05:39:04', '2024-03-24 05:39:04'),
(50, 'AMBULU', '2024-03-24 05:39:04', '2024-03-24 05:39:04'),
(60, 'TEMPUREJO', '2024-03-24 05:39:04', '2024-03-24 05:39:04'),
(70, 'SILO', '2024-03-24 05:39:04', '2024-03-24 05:39:04'),
(80, 'MAYANG', '2024-03-24 05:39:04', '2024-03-24 05:39:04'),
(90, 'MUMBULSARI', '2024-03-24 05:39:04', '2024-03-24 05:39:04'),
(100, 'JENGGAWAH', '2024-03-24 05:39:04', '2024-03-24 05:39:04'),
(110, 'AJUNG', '2024-03-24 05:39:04', '2024-03-24 05:39:04'),
(120, 'RAMBIPUJI', '2024-03-24 05:39:04', '2024-03-24 05:39:04'),
(130, 'BALUNG', '2024-03-24 05:39:04', '2024-03-24 05:39:04'),
(140, 'UMBULSARI', '2024-03-24 05:39:04', '2024-03-24 05:39:04'),
(150, 'SEMBORO', '2024-03-24 05:39:04', '2024-03-24 05:39:04'),
(160, 'JOMBANG', '2024-03-24 05:39:04', '2024-03-24 05:39:04'),
(170, 'SUMBERBARU', '2024-03-24 05:39:04', '2024-03-24 05:39:04'),
(180, 'TANGGUL', '2024-03-24 05:39:04', '2024-03-24 05:39:04'),
(190, 'BANGSALSARI', '2024-03-24 05:39:04', '2024-03-24 05:39:04'),
(200, 'PANTI', '2024-03-24 05:39:04', '2024-03-24 05:39:04'),
(210, 'SUKORAMBI', '2024-03-24 05:39:04', '2024-03-24 05:39:04'),
(220, 'ARJASA', '2024-03-24 05:39:04', '2024-03-24 05:39:04'),
(230, 'PAKUSARI', '2024-03-24 05:39:04', '2024-03-24 05:39:04'),
(240, 'KALISAT', '2024-03-24 05:39:04', '2024-03-24 05:39:04'),
(250, 'LEDOKOMBO', '2024-03-24 05:39:04', '2024-03-24 05:39:04'),
(260, 'SUMBERJAMBE', '2024-03-24 05:39:04', '2024-03-24 05:39:04'),
(270, 'SUKOWONO', '2024-03-24 05:39:04', '2024-03-24 05:39:04'),
(280, 'JELBUK', '2024-03-24 05:39:04', '2024-03-24 05:39:04'),
(710, 'KALIWATES', '2024-03-24 05:39:04', '2024-03-24 05:39:04'),
(720, 'SUMBERSARI', '2024-03-24 05:39:04', '2024-03-24 05:39:04'),
(730, 'PATRANG', '2024-03-24 05:39:04', '2024-03-24 05:39:04');

-- --------------------------------------------------------

--
-- Table structure for table `migrations`
--

CREATE TABLE `migrations` (
  `id` int(10) UNSIGNED NOT NULL,
  `migration` varchar(255) NOT NULL,
  `batch` int(11) NOT NULL
) ENGINE=InnoDB DEFAULT CHARSET=utf8mb4 COLLATE=utf8mb4_unicode_ci;

--
-- Dumping data for table `migrations`
--

INSERT INTO `migrations` (`id`, `migration`, `batch`) VALUES
(1, '2014_10_12_000000_create_users_table', 1),
(2, '2014_10_12_100000_create_password_reset_tokens_table', 1),
(3, '2019_08_19_000000_create_failed_jobs_table', 1),
(4, '2019_12_14_000001_create_personal_access_tokens_table', 1),
(5, '2024_03_20_135320_create_biodata_table', 1),
(6, '2024_03_22_114741_create_kecamatans_table', 1),
(7, '2024_03_22_114747_create_desas_table', 1);

-- --------------------------------------------------------

--
-- Table structure for table `password_reset_tokens`
--

CREATE TABLE `password_reset_tokens` (
  `email` varchar(255) NOT NULL,
  `token` varchar(255) NOT NULL,
  `created_at` timestamp NULL DEFAULT NULL
) ENGINE=InnoDB DEFAULT CHARSET=utf8mb4 COLLATE=utf8mb4_unicode_ci;

-- --------------------------------------------------------

--
-- Table structure for table `personal_access_tokens`
--

CREATE TABLE `personal_access_tokens` (
  `id` bigint(20) UNSIGNED NOT NULL,
  `tokenable_type` varchar(255) NOT NULL,
  `tokenable_id` bigint(20) UNSIGNED NOT NULL,
  `name` varchar(255) NOT NULL,
  `token` varchar(64) NOT NULL,
  `abilities` text DEFAULT NULL,
  `last_used_at` timestamp NULL DEFAULT NULL,
  `expires_at` timestamp NULL DEFAULT NULL,
  `created_at` timestamp NULL DEFAULT NULL,
  `updated_at` timestamp NULL DEFAULT NULL
) ENGINE=InnoDB DEFAULT CHARSET=utf8mb4 COLLATE=utf8mb4_unicode_ci;

-- --------------------------------------------------------

--
-- Table structure for table `users`
--

CREATE TABLE `users` (
  `id` bigint(20) UNSIGNED NOT NULL,
  `name` varchar(255) NOT NULL,
  `email` varchar(255) NOT NULL,
  `email_verified_at` timestamp NULL DEFAULT NULL,
  `password` varchar(255) NOT NULL,
  `remember_token` varchar(100) DEFAULT NULL,
  `created_at` timestamp NULL DEFAULT NULL,
  `updated_at` timestamp NULL DEFAULT NULL
) ENGINE=InnoDB DEFAULT CHARSET=utf8mb4 COLLATE=utf8mb4_unicode_ci;

--
-- Indexes for dumped tables
--

--
-- Indexes for table `biodata`
--
ALTER TABLE `biodata`
  ADD PRIMARY KEY (`id`),
  ADD UNIQUE KEY `biodata_nik_unique` (`nik`);

--
-- Indexes for table `desas`
--
ALTER TABLE `desas`
  ADD PRIMARY KEY (`id`),
  ADD KEY `desas_kecamatan_id_foreign` (`kecamatan_id`);

--
-- Indexes for table `failed_jobs`
--
ALTER TABLE `failed_jobs`
  ADD PRIMARY KEY (`id`),
  ADD UNIQUE KEY `failed_jobs_uuid_unique` (`uuid`);

--
-- Indexes for table `kecamatans`
--
ALTER TABLE `kecamatans`
  ADD PRIMARY KEY (`id`);

--
-- Indexes for table `migrations`
--
ALTER TABLE `migrations`
  ADD PRIMARY KEY (`id`);

--
-- Indexes for table `password_reset_tokens`
--
ALTER TABLE `password_reset_tokens`
  ADD PRIMARY KEY (`email`);

--
-- Indexes for table `personal_access_tokens`
--
ALTER TABLE `personal_access_tokens`
  ADD PRIMARY KEY (`id`),
  ADD UNIQUE KEY `personal_access_tokens_token_unique` (`token`),
  ADD KEY `personal_access_tokens_tokenable_type_tokenable_id_index` (`tokenable_type`,`tokenable_id`);

--
-- Indexes for table `users`
--
ALTER TABLE `users`
  ADD PRIMARY KEY (`id`),
  ADD UNIQUE KEY `users_email_unique` (`email`);

--
-- AUTO_INCREMENT for dumped tables
--

--
-- AUTO_INCREMENT for table `biodata`
--
ALTER TABLE `biodata`
  MODIFY `id` bigint(20) UNSIGNED NOT NULL AUTO_INCREMENT;

--
-- AUTO_INCREMENT for table `desas`
--
ALTER TABLE `desas`
  MODIFY `id` bigint(20) UNSIGNED NOT NULL AUTO_INCREMENT, AUTO_INCREMENT=250;

--
-- AUTO_INCREMENT for table `failed_jobs`
--
ALTER TABLE `failed_jobs`
  MODIFY `id` bigint(20) UNSIGNED NOT NULL AUTO_INCREMENT;

--
-- AUTO_INCREMENT for table `kecamatans`
--
ALTER TABLE `kecamatans`
  MODIFY `id` bigint(20) UNSIGNED NOT NULL AUTO_INCREMENT, AUTO_INCREMENT=731;

--
-- AUTO_INCREMENT for table `migrations`
--
ALTER TABLE `migrations`
  MODIFY `id` int(10) UNSIGNED NOT NULL AUTO_INCREMENT, AUTO_INCREMENT=8;

--
-- AUTO_INCREMENT for table `personal_access_tokens`
--
ALTER TABLE `personal_access_tokens`
  MODIFY `id` bigint(20) UNSIGNED NOT NULL AUTO_INCREMENT;

--
-- AUTO_INCREMENT for table `users`
--
ALTER TABLE `users`
  MODIFY `id` bigint(20) UNSIGNED NOT NULL AUTO_INCREMENT;

--
-- Constraints for dumped tables
--

--
-- Constraints for table `desas`
--
ALTER TABLE `desas`
  ADD CONSTRAINT `desas_kecamatan_id_foreign` FOREIGN KEY (`kecamatan_id`) REFERENCES `kecamatans` (`id`) ON DELETE CASCADE;
COMMIT;

/*!40101 SET CHARACTER_SET_CLIENT=@OLD_CHARACTER_SET_CLIENT */;
/*!40101 SET CHARACTER_SET_RESULTS=@OLD_CHARACTER_SET_RESULTS */;
/*!40101 SET COLLATION_CONNECTION=@OLD_COLLATION_CONNECTION */;
